Name,Content,Created By,Created Time,Last Updated,Public
Recurring Tasks,,Thomas Frank,2020년 10월 17일 오후 2:53,2022년 5월 6일,Yes
Note-Taking System,,Thomas Frank,2020년 10월 17일 오후 2:53,2020년 10월 17일,Yes
Video Project Tracker,,Thomas Frank,2020년 10월 17일 오후 2:53,2020년 8월 1일,Yes
Among Us - Game Tracker,,Thomas Frank,2020년 10월 20일 오후 7:03,2020년 10월 27일,Yes
Ultimate Tasks and Projects,,Thomas Frank,2020년 10월 25일 오후 2:01,2022년 5월 6일,Yes
Template in Progress,,Thomas Frank,2020년 11월 1일 오후 1:12,2020년 11월 1일,No
Ultimate Tasks and Projects (Beta),,Thomas Frank,2020년 11월 10일 오전 11:24,2020년 10월 29일,No
HOW TO USE THIS PAGE,,Thomas Frank,2021년 4월 21일 오전 9:48,2021년 4월 21일,Yes
Simple Habit Tracker,,Thomas Frank,2021년 5월 10일 오후 8:01,2021년 6월 9일,Yes
Personal Dashboard,,Thomas Frank,2021년 9월 9일 오후 1:16,2021년 9월 9일,Yes
Business Model Canvas,,Thomas Frank,2021년 9월 26일 오후 7:50,2021년 9월 26일,Yes
Ultimate CRM,,Thomas Frank,2021년 11월 8일 오후 5:48,2021년 11월 8일,No
Workout Database,,Thomas Frank,2022년 1월 28일 오후 8:02,2022년 1월 28일,Yes
Resume Templates,,Thomas Frank,2022년 2월 17일 오후 4:06,,No
Video Gear List,,Thomas Frank,2022년 7월 27일 오후 2:57,2022년 7월 27일,No
YouTube to Notion API Tutorial,,Thomas Frank,2022년 10월 5일 오후 2:45,,No